/*
SQLyog Community v13.0.1 (64 bit)
MySQL - 10.4.24-MariaDB : Database - dgold
*********************************************************************
*/

/*!40101 SET NAMES utf8 */;

/*!40101 SET SQL_MODE=''*/;

/*!40014 SET @OLD_UNIQUE_CHECKS=@@UNIQUE_CHECKS, UNIQUE_CHECKS=0 */;
/*!40014 SET @OLD_FOREIGN_KEY_CHECKS=@@FOREIGN_KEY_CHECKS, FOREIGN_KEY_CHECKS=0 */;
/*!40101 SET @OLD_SQL_MODE=@@SQL_MODE, SQL_MODE='NO_AUTO_VALUE_ON_ZERO' */;
/*!40111 SET @OLD_SQL_NOTES=@@SQL_NOTES, SQL_NOTES=0 */;
CREATE DATABASE /*!32312 IF NOT EXISTS*/`dgold` /*!40100 DEFAULT CHARACTER SET latin1 */;

USE `dgold`;

/*Table structure for table `employee` */

DROP TABLE IF EXISTS `employee`;
/*!40101 SET @saved_cs_client     = @@character_set_client */;
/*!50503 SET character_set_client = utf8mb4 */;
CREATE TABLE `employee` (
  `emp_id` int(10) NOT NULL AUTO_INCREMENT,
  `emp_name` varchar(50) DEFAULT NULL,
  `e-code` varchar(20) DEFAULT NULL,
  `branch` varchar(50) DEFAULT NULL,
  `loginid` int(10) DEFAULT NULL,
  `department` varchar(30) DEFAULT NULL,
  PRIMARY KEY (`emp_id`)
) ENGINE=InnoDB AUTO_INCREMENT=119 DEFAULT CHARSET=latin1;
/*!40101 SET character_set_client = @saved_cs_client */;

--
-- Dumping data for table `employee`
--

LOCK TABLES `employee` WRITE;
/*!40000 ALTER TABLE `employee` DISABLE KEYS */;
INSERT INTO `employee` VALUES (1,'MUHAMMED RASHID P','1003','Perinthalmanna',14,'SAL'),(2,'JUFAIL THAYYIL','1006','Perinthalmanna',15,'SAL'),(3,'MOHAMMED AJMAL','1048','Perinthalmanna',16,'PUR'),(4,'VIJEESH KP','1049','Perinthalmanna',17,'SAL'),(5,'RASHEED','1058','Perinthalmanna',18,'SAL'),(6,'SHAFEEQ','1063','Perinthalmanna',19,'PUR'),(7,'RAJAN VT','1064','Perinthalmanna',20,'SMT'),(8,'RASHMI K','1090','Perinthalmanna',21,'REC'),(9,'SUHAIL','1105','Perinthalmanna',22,'SAL'),(10,'SHEEBA','1109','Perinthalmanna',23,'CLN'),(11,'SAI KUMAR','1122','Perinthalmanna',24,'MKT'),(12,'GIREESH','1126','Perinthalmanna',25,'SAL'),(13,'JOHNSON','1129','Perinthalmanna',26,'CSH'),(14,'AKBAR','1131','Perinthalmanna',27,'MKT'),(15,'ANAS','1137','Perinthalmanna',28,'OBY'),(16,'MUHAMMED JALAL','1149','Perinthalmanna',29,'DSNR'),(17,'NOUFAL','1152','Perinthalmanna',30,'MKT'),(18,'JIJI','1153','Perinthalmanna',31,'REC'),(19,'ANWAR SADATH','1155','Perinthalmanna',32,'SAL'),(20,'NAJEEB','1164','Perinthalmanna',33,'ACC'),(21,'MOHAMMED RASHAD','1165','Perinthalmanna',34,'SAL'),(22,'MUBEENA KP','1166','Perinthalmanna',35,'REC'),(23,'JIJIN','1167','Perinthalmanna',36,'MKT'),(24,'ANEES','1170','Perinthalmanna',37,'SAL'),(25,'RAJANI','1171','Perinthalmanna',38,'CLN'),(26,'SHAFEEQ P','1172','Perinthalmanna',39,'SAL'),(27,'SHANU','1173','Perinthalmanna',40,'CSH'),(30,'ABDUL BASITH PP','1251','Valanchery',43,'ACC'),(31,'MUHAMMED JAFER','1085','Valanchery',44,'SAL'),(32,'JAYARAJ','1123','Valanchery',45,'SMT'),(33,'GOUTHAMI','1174','Valanchery',46,'REC'),(34,'VIJIN','1179','Valanchery',47,'SAL'),(35,'VALSALA','1206','Valanchery',48,'CLN'),(36,'MOIDEEN KUTTY','1220','Valanchery',49,'MKT'),(37,'RAMSHAD KT','1243','Valanchery',50,'MKT'),(38,'ABOOBAKER','1149','Valanchery',51,'SAL'),(39,'MUHAMMED SHAKKEER P','1249','Valanchery',52,'OBY'),(40,'SREELAKSHMI','1253','Valanchery',53,'REC'),(41,'AJMAL PV','1260','Valanchery',54,'MKT'),(44,'IMBICHU','1241','Valanchery',57,'MKT'),(45,'SUHAIL','1265','Valanchery',58,'CSH'),(46,'VANAJA P','1268','Valanchery',59,'CLN'),(47,'MUHAMMED SHAREEF T','1270','Valanchery',60,'PUR'),(48,'NIZAMUDEEN P','1189','Valanchery',61,'SAL'),(49,'SHAMEER P','1094','Pattambi',62,'SAL'),(50,'NISHAD K','1129','Pattambi',63,'SAL'),(51,'JAMSHEER A','1013','Pattambi',64,'SAL'),(52,'NABEEL AP','1019','Pattambi',65,'PUR'),(53,'RANJITH PK','1030','Pattambi',66,'SAL'),(54,'SAILAJA C','1036','Pattambi',67,'CLN'),(55,'ASIYA PK','1048','Pattambi',68,'CLN'),(56,'SUBRAMANIAN P','1054','Pattambi',69,'SMT'),(59,'MUHAMMED NUSHAD KP','1112','Pattambi',72,'SAL'),(63,'SMITHA','1158','Pattambi',76,'REC'),(64,'NOUFAL S','1128','Pattambi',77,'SAL'),(65,'MANOJ','1162','Pattambi',78,'SAL'),(68,'ANJALI P','1170','Pattambi',81,'REC'),(69,'MUHAMMED MANSOOR','1131','Pattambi',82,'SAL'),(70,'ABOOBACKER SIDHEEQ PK','1171','Pattambi',83,'MKT'),(71,'SRUTHI S','1172','Pattambi',84,'REC'),(72,'ANSAD C','1173','Pattambi',85,'CSH'),(73,'VINOD U','1047','Pattambi',86,'MKT'),(74,'SHAMEER K','1105','Pattambi',87,'MKT'),(76,'MUHAMMED SHIHAB P','1169','Pattambi',89,'MKT'),(77,'ANEES MOIDU','1147','Pattambi',90,'MKT'),(78,'ABDUL RASHEED K','1031','Pattambi',91,'SAL'),(80,'AMEER MALIK M','1102','Pattambi',93,'SAL'),(81,'ARSHAD V P','1132','Pattambi',94,'CSH'),(82,'SHARFUDHEEN V','1073','Pattambi',95,'ACC'),(83,'VINOD KUMAR V','1164','Pattambi',96,'SAL'),(84,'MOHAMMED SHIBILI','1167','Pattambi',97,'ACC'),(85,'PAYMENT REQUEST','0000','Pattambi',98,'ACC'),(86,'BIBINRAJ','1012','Ramanatukara',99,'SAL'),(88,'NOUFAL ','1023','Ramanatukara',101,'PUR'),(89,'PRAJITHA  MANOJ ','1024','Ramanatukara',102,'CLN'),(90,'REENA','1027','Ramanatukara',103,'CLN'),(91,'CHANDRASHEKARAN ','1051','Ramanatukara',104,'SMT'),(92,'SHIJIN ','1101','Ramanatukara',105,'SAL'),(93,'HIMESH','1111','Ramanatukara',106,'SAL'),(94,'UDAYAKUMAR ','1116','Ramanatukara',107,'MKT'),(96,'SHARATH ','1127','Ramanatukara',109,'SAL'),(97,'ROBIN','1117','Ramanatukara',110,'SAL'),(98,'JISHA ','1136','Ramanatukara',111,'REC'),(99,'BINSHAD','1151','Ramanatukara',112,'ACC'),(100,'ATTAKOYA ARSHAD','1155','Ramanatukara',113,'PUR'),(101,'SWADIK ','1158','Ramanatukara',114,'SAL'),(102,'AMITH ','1160','Ramanatukara',115,'SAL'),(103,'SHAHINA','1159','Ramanatukara',116,'REC'),(104,'ANSAL THOMAS','1162','Ramanatukara',117,'SAL'),(105,'ASHURAHANA ','1172','Ramanatukara',118,'REC'),(106,'NIKHIL ','1174','Ramanatukara',119,'SAL'),(107,'SHAREEF ','1176','Ramanatukara',120,'CSH'),(108,'FAHAD','1179','Ramanatukara',121,'CSH'),(109,'RAHUL','1178','Ramanatukara',122,'ACC'),(111,'SISHANTH VS','1248','Valanchery',124,'SAL'),(112,'VIJEESH.T','1212','Valanchery',125,'SAL'),(114,'ALI AKBAR.M V','1072','Valanchery',127,'SAL'),(115,'Musthaq','1150','Ramanatukara',128,'MKT'),(116,'MUHAMMED ANSHAF','1157','Pattambi',129,'MKT'),(117,'MOHAMED AFSAL.K','1272','Valanchery',130,'ACC'),(118,'SHIRAS','1175','Perinthalmanna',131,'CSH');
/*!40000 ALTER TABLE `employee` ENABLE KEYS */;
UNLOCK TABLES;

--
-- Table structure for table `leaverequest`
--

DROP TABLE IF EXISTS `leaverequest`;
/*!40101 SET @saved_cs_client     = @@character_set_client */;
/*!50503 SET character_set_client = utf8mb4 */;
CREATE TABLE `leaverequest` (
  `LRid` int(10) NOT NULL AUTO_INCREMENT,
  `reason` varchar(100) DEFAULT NULL,
  `status` varchar(50) DEFAULT NULL,
  `lg_id` int(10) DEFAULT NULL,
  `date` date DEFAULT NULL,
  `expDate` date DEFAULT NULL,
  `applyDate` date DEFAULT NULL,
  PRIMARY KEY (`LRid`)
) ENGINE=InnoDB AUTO_INCREMENT=293 DEFAULT CHARSET=latin1;
/*!40101 SET character_set_client = @saved_cs_client */;

--
-- Dumping data for table `leaverequest`
--

LOCK TABLES `leaverequest` WRITE;
/*!40000 ALTER TABLE `leaverequest` DISABLE KEYS */;
INSERT INTO `leaverequest` VALUES (1,'Weekly Off','Rejected',41,'2022-06-11','2022-06-11','2022-06-07'),(2,'Weekly Off','Accepted',44,'2022-06-12','2022-06-12','2022-06-08'),(3,'Weekly Off','Accepted',45,'2022-06-13','2022-06-13','2022-06-08'),(6,'To attend marriage in my fam','Accepted',56,'2022-06-19','2022-06-20','2022-06-08'),(7,'Marriage','Accepted',58,'2022-06-24','2022-06-25','2022-06-08'),(11,'Weekly Off','Accepted',41,'2022-06-11','2022-06-11','2022-06-08'),(12,'Weekly Off','Accepted',51,'2022-06-13','2022-06-13','2022-06-08'),(13,'Marriage','Accepted',51,'2022-06-19','2022-06-19','2022-06-08'),(14,'PERSONAL(WEDDING PURCHASE)','Accepted',53,'2022-06-12','2022-06-12','2022-06-08'),(15,'Marriage','Accepted',61,'2022-06-11','2022-06-11','2022-06-08'),(16,'WORK FROM HOME','Accepted',58,'2022-06-19','2022-06-19','2022-06-08'),(17,'Weekly Off','Accepted',91,'2022-06-09','2022-06-09','2022-06-08'),(18,'Family function','Accepted',59,'2022-06-11','2022-06-11','2022-06-08'),(19,'Weekly Off','Accepted',57,'2022-06-12','2022-06-12','2022-06-08'),(20,'Medical','Accepted',120,'2022-06-09','2022-06-09','2022-06-08'),(21,'Weekly Off','Accepted',52,'2022-06-14','2022-06-14','2022-06-08'),(22,'Marriage','Rejected',114,'2022-06-12','2022-06-12','2022-06-08'),(23,'Medical','Accepted',90,'2022-06-15','2022-06-15','2022-06-08'),(24,'Weekly Off','Accepted',91,'2022-06-09','2022-06-10','2022-06-08'),(25,'Weekly Off','Accepted',96,'2022-06-26','2022-06-26','2022-06-08'),(26,'personel','Accepted',62,'2022-06-20','2022-06-21','2022-06-08'),(27,'Marriage','Accepted',114,'2022-06-12','2022-06-12','2022-06-09'),(28,'','Accepted',64,'2022-06-23','2022-06-23','2022-06-09'),(30,'WEEKLY OFF & MEDICAL','Rejected',69,'2022-06-12','2022-06-13','2022-06-09'),(32,'Weekly Off','Accepted',97,'2022-06-10','2022-06-10','2022-06-09'),(33,'For medical check up for parents','Rejected',115,'2022-06-11','2022-06-11','2022-06-09'),(34,'Weekly Off','Accepted',72,'2022-06-11','2022-06-11','2022-06-09'),(35,'Personal','Accepted',119,'2022-06-10','2022-06-11','2022-06-09'),(36,'Weekly Off','Accepted',82,'2022-06-11','2022-06-11','2022-06-09'),(37,'Medical','Accepted',82,'2022-07-11','2022-07-11','2022-06-09'),(38,'Personal','Accepted',109,'2022-06-12','2022-06-12','2022-06-09'),(39,'Weekly Off','Accepted',118,'2022-06-12','2022-06-12','2022-06-09'),(40,'Weekly Off','Rejected',111,'2022-06-09','2022-06-09','2022-06-09'),(41,'Weekly Off','Rejected',118,'2022-06-12','2022-06-12','2022-06-09'),(42,'Driving test','Rejected',116,'2022-06-13','2022-06-13','2022-06-09'),(46,'Marriage','Accepted',68,'2022-06-11','2022-06-11','2022-06-09'),(47,'Weekly Off','Accepted',85,'2022-06-12','2022-06-13','2022-06-09'),(48,'Weekly Off','Accepted',46,'2022-06-11','2022-06-11','2022-06-09'),(49,'Medical','Accepted',47,'2022-06-15','2022-06-15','2022-06-09'),(51,'Personel Purpose','Accepted',43,'2022-06-12','2022-06-12','2022-06-09'),(52,'Personal','Accepted',93,'2022-06-11','2022-06-11','2022-06-10'),(53,'Weekly Off','Accepted',77,'2022-06-28','2022-07-03','2022-06-10'),(54,'Weekly Off','Accepted',78,'2022-06-13','2022-06-13','2022-06-10'),(56,'Weekly Off','Accepted',76,'2022-06-15','2022-06-15','2022-06-10'),(57,'Weekly Off','Accepted',81,'2022-06-11','2022-06-11','2022-06-10'),(58,'Family function','Accepted',127,'2022-06-11','2022-06-11','2022-06-10'),(59,'Weekly Off','Accepted',90,'2022-06-12','2022-06-12','2022-06-10'),(60,'Weekly Off','Accepted',111,'2022-06-11','2022-06-11','2022-06-10'),(61,'Medical','Rejected',110,'0000-00-00','0000-00-00','2022-06-10'),(62,'Weekly Off','Accepted',99,'2022-06-12','2022-06-12','2022-06-10'),(63,'Weekly Off','pending',114,'2022-06-27','2022-06-27','2022-06-10'),(64,'Weekly Off','Accepted',113,'2022-06-11','2022-06-11','2022-06-10'),(65,'Weekly Off','Accepted',115,'2022-06-11','2022-06-11','2022-06-10'),(66,'Weekly Off','Accepted',107,'2022-06-12','2022-06-12','2022-06-10'),(67,'????????? test','Rejected',116,'2022-06-13','2022-06-13','2022-06-10'),(68,'Driving test','pending',116,'2022-06-13','2022-06-13','2022-06-10'),(69,'Weekly Off','Accepted',118,'2022-06-12','2022-06-12','2022-06-10'),(70,'Weekly Off','Accepted',91,'2022-06-28','2022-07-03','2022-06-10'),(71,'Weekly Off','Accepted',96,'2022-06-14','2022-06-14','2022-06-11'),(72,'Weekly Off','Accepted',122,'2022-06-12','2022-06-13','2022-06-11'),(73,'Weekly Off','Accepted',95,'2022-06-12','2022-06-12','2022-06-11'),(74,'Marriage','Rejected',120,'2022-06-12','2022-06-12','2022-06-11'),(76,'Medical','Accepted',76,'2022-06-16','2022-06-16','2022-06-11'),(77,'Medical','Accepted',78,'2022-06-13','2022-06-13','2022-06-12'),(78,'Weekly Off','Accepted',66,'2022-06-13','2022-06-13','2022-06-12'),(79,'Weekly Off','Accepted',65,'2022-06-28','2022-07-03','2022-06-12'),(80,'Weekly Off','Accepted',91,'2022-06-28','2022-07-03','2022-06-12'),(81,'Weekly Off','Accepted',77,'2022-06-28','2022-07-03','2022-06-12'),(82,'HOSPITAL CASE FOR GRAND MOTHER','Accepted',58,'2022-06-14','2022-06-14','2022-06-12'),(85,'Weekly Off','Accepted',63,'2022-06-14','2022-06-14','2022-06-12'),(86,'Weekly Off','Accepted',61,'2022-06-23','2022-06-23','2022-06-12'),(87,'Weekly Off','Accepted',127,'2022-06-25','2022-06-25','2022-06-12'),(88,'Weekly Off','Accepted',72,'2022-06-19','2022-06-19','2022-06-13'),(89,'','pending',114,'2022-06-26','2022-06-26','2022-06-13'),(90,'Weekly Off','Accepted',64,'2022-06-14','2022-06-14','2022-06-13'),(91,'Weekly Off','pending',121,'2022-06-14','2022-06-14','2022-06-13'),(92,'Examination ','Accepted',46,'2022-06-19','2022-06-19','2022-06-13'),(93,'Weekly Off','pending',112,'2022-06-14','2022-06-14','2022-06-13'),(94,'Medical','Accepted',48,'2022-06-14','2022-06-14','2022-06-14'),(95,'Weekly Off','Accepted',94,'2022-06-15','2022-06-15','2022-06-14'),(98,'Weekly Off','Accepted',82,'2022-06-15','2022-06-15','2022-06-14'),(99,'Weekly Off','pending',106,'2022-06-15','2022-06-15','2022-06-14'),(100,'Weekly Off','Accepted',32,'2022-06-16','2022-06-17','2022-06-14'),(101,'Weekly Off','Rejected',32,'2022-06-27','2022-06-27','2022-06-14'),(102,'Weekly Off','Accepted',34,'2022-06-16','2022-06-16','2022-06-14'),(103,'Weekly Off','Accepted',14,'2022-06-17','2022-06-17','2022-06-14'),(104,'Medical','Accepted',48,'2022-06-15','2022-06-15','2022-06-15'),(105,'Weekly Off','Accepted',57,'2022-06-19','2022-06-19','2022-06-15'),(106,'Weekly Off','Accepted',45,'2022-06-19','2022-06-19','2022-06-15'),(107,'Personal','Accepted',67,'2022-06-15','2022-06-15','2022-06-15'),(108,'Weekly Off','Accepted',53,'2022-06-17','2022-06-17','2022-06-15'),(111,'Personal very urgent ','Accepted',125,'2022-06-16','2022-06-16','2022-06-15'),(113,'Marriage','Accepted',52,'2022-06-26','2022-06-26','2022-06-16'),(114,'Medical','Accepted',52,'2022-06-20','2022-06-20','2022-06-16'),(115,'Weekly Off','Accepted',59,'2022-06-20','2022-06-20','2022-06-16'),(116,'Weekly Off','Accepted',47,'2022-06-21','2022-06-21','2022-06-16'),(117,'PERSONNEL','Accepted',33,'2022-06-19','2022-06-19','2022-06-17'),(118,'Weekly Off','Accepted',60,'2022-06-19','2022-06-20','2022-06-17'),(119,'Weekly Off','Accepted',127,'2022-06-26','2022-06-26','2022-06-17'),(120,'Weekly Off','Rejected',22,'2022-06-26','2022-06-26','2022-06-17'),(121,'Weekly Off','Accepted',17,'2022-06-18','2022-06-19','2022-06-17'),(122,'Weekly Off','Accepted',17,'2022-06-26','2022-06-26','2022-06-17'),(123,'Weekly Off','Accepted',17,'2022-06-28','2022-06-28','2022-06-17'),(124,'Weekly Off','Accepted',35,'2022-06-19','2022-06-19','2022-06-17'),(125,'Weekly Off','Accepted',25,'2022-06-22','2022-06-22','2022-06-17'),(126,'Weekly Off','Accepted',81,'2022-06-17','2022-06-17','2022-06-17'),(127,'Weekly Off','Accepted',93,'2022-06-19','2022-06-19','2022-06-18'),(129,'personal ','Accepted',62,'2022-07-03','2022-07-03','2022-06-18'),(130,'Weekly Off','Accepted',76,'2022-06-19','2022-06-19','2022-06-18'),(131,'Weekly Off','Accepted',97,'2022-06-19','2022-06-19','2022-06-18'),(132,'Weekly Off','Accepted',94,'2022-06-19','2022-06-19','2022-06-18'),(133,'Personal','Accepted',66,'2022-06-20','2022-06-20','2022-06-18'),(134,'Weekly Off','Accepted',96,'2022-06-21','2022-06-21','2022-06-19'),(135,'Weekly Off','Accepted',63,'2022-06-21','2022-06-21','2022-06-19'),(136,'Weekly Off','Accepted',63,'2022-06-25','2022-06-25','2022-06-19'),(137,'Weekly Off','Accepted',22,'2022-06-21','2022-06-21','2022-06-19'),(138,'nikah','Accepted',32,'2022-06-25','2022-06-25','2022-06-19'),(139,'eid','Accepted',32,'2022-07-10','2022-07-10','2022-06-19'),(140,'Personal','Accepted',67,'2022-06-20','2022-06-20','2022-06-19'),(141,'Medical','Accepted',64,'2022-06-30','2022-06-30','2022-06-19'),(142,'Medical','Accepted',53,'2022-06-20','2022-06-20','2022-06-20'),(143,'Weekly Off','Rejected',127,'2022-06-21','2022-06-21','2022-06-20'),(144,'Weekly Off','Accepted',54,'2022-06-19','2022-06-19','2022-06-20'),(145,'Personal  leave','Accepted',83,'2022-06-21','2022-06-21','2022-06-20'),(147,'Weekly Off','Accepted',32,'2022-06-02','2022-06-04','2022-06-20'),(148,'Weekly Off','Accepted',34,'2022-06-26','2022-06-26','2022-06-20'),(149,'Weekly Off','Rejected',34,'2022-06-29','2022-06-29','2022-06-20'),(150,'Weekly Off','Accepted',34,'2022-07-10','2022-07-10','2022-06-20'),(151,'Weekly Off','Accepted',21,'2022-06-21','2022-06-21','2022-06-20'),(152,'Weekly Off','Rejected',26,'2022-06-20','2022-06-20','2022-06-20'),(153,'Weekly Off','Accepted',23,'2022-06-23','2022-06-23','2022-06-20'),(154,'Weekly Off','Rejected',17,'2022-06-26','2022-06-26','2022-06-20'),(155,'Weekly Off','Rejected',17,'2022-06-28','2022-06-28','2022-06-20'),(156,'Weekly Off','Accepted',37,'2022-06-21','2022-06-21','2022-06-20'),(157,'Weekly Off','Accepted',18,'2022-06-23','2022-06-24','2022-06-20'),(158,'Medical','Rejected',18,'2022-06-24','2022-06-24','2022-06-20'),(159,'eid','Accepted',15,'2022-07-10','2022-07-10','2022-06-20'),(160,'Weekly Off','Accepted',22,'2022-06-25','2022-06-25','2022-06-20'),(163,'Weekly Off','Rejected',25,'2022-06-22','2022-06-22','2022-06-20'),(165,'Medical','Accepted',26,'2022-06-20','2022-06-20','2022-06-20'),(166,'Medical','Accepted',47,'2022-06-27','2022-06-27','2022-06-20'),(167,'Personal ','Accepted',51,'2022-06-24','2022-06-24','2022-06-20'),(168,'Medical','Rejected',51,'2022-06-30','2022-06-30','2022-06-20'),(169,'Weekly Off','Accepted',85,'2022-06-23','2022-06-24','2022-06-21'),(170,'Medical','Accepted',57,'2022-06-27','2022-06-27','2022-06-21'),(171,'Weekly Off','Rejected',127,'2022-06-22','2022-06-21','2022-06-21'),(172,'Weekly Off','Accepted',34,'2022-06-22','2022-06-22','2022-06-21'),(173,'Weekly Off','Accepted',15,'2022-06-23','2022-06-23','2022-06-21'),(174,'Weekly Off','Accepted',39,'2022-06-26','2022-06-26','2022-06-21'),(175,'Weekly Off','Accepted',22,'2022-06-26','2022-06-27','2022-06-21'),(176,'personal','Accepted',81,'2022-06-22','2022-06-22','2022-06-21'),(177,'Medical','Accepted',95,'2022-06-22','2022-06-22','2022-06-21'),(178,'Medical','Accepted',95,'2022-06-23','2022-06-23','2022-06-21'),(179,'Personal','Accepted',95,'2022-06-24','2022-06-24','2022-06-21'),(180,'PERSONAL','Accepted',68,'2022-06-23','2022-06-23','2022-06-21'),(181,'Medical','Accepted',95,'2022-06-25','2022-06-25','2022-06-21'),(182,'Weekly Off','Accepted',65,'2022-06-22','2022-06-22','2022-06-21'),(183,'school meeting','Accepted',14,'2022-06-22','2022-06-22','2022-06-21'),(184,'Personal leave','Accepted',83,'2022-06-22','2022-06-22','2022-06-22'),(185,'PERSONAL','Accepted',66,'2022-06-24','2022-06-24','2022-06-22'),(186,'Weekly Off','Accepted',82,'2022-06-26','2022-06-26','2022-06-22'),(187,'Medical','Accepted',64,'2022-06-27','2022-06-27','2022-06-22'),(189,'Marriage','Accepted',66,'2022-07-05','2022-07-06','2022-06-22'),(190,'Weekly Off','Accepted',78,'2022-07-05','2022-07-06','2022-06-22'),(191,'Weekly Off','Accepted',125,'2022-06-24','2022-06-24','2022-06-23'),(192,'Weekly Off','Rejected',125,'2022-06-24','2022-06-24','2022-06-23'),(193,'Weekly Off','Accepted',72,'2022-06-27','2022-06-27','2022-06-23'),(194,'Personal ','Accepted',93,'2022-06-25','2022-06-26','2022-06-23'),(195,'Weekly Off','Accepted',21,'2022-06-24','2022-06-24','2022-06-23'),(196,'Weekly Off','Accepted',25,'2022-07-02','2022-07-03','2022-06-23'),(197,'Medical','Accepted',53,'2022-06-24','2022-06-24','2022-06-24'),(198,'Weekly Off','Accepted',90,'2022-06-26','2022-06-26','2022-06-24'),(200,'Weekly Off','Accepted',45,'2022-06-26','2022-06-26','2022-06-25'),(201,'Weekly Off','Rejected',45,'2022-06-26','2022-06-26','2022-06-25'),(202,'Weekly Off','Accepted',43,'2022-06-26','2022-06-26','2022-06-25'),(203,'Medical','Accepted',76,'2022-06-26','2022-06-26','2022-06-25'),(204,'PERSONNEL','Accepted',33,'2022-06-26','2022-06-27','2022-06-25'),(205,'Weekly Off','Accepted',131,'2022-06-26','2022-06-26','2022-06-25'),(206,'Weekly Off','Accepted',28,'2022-06-26','2022-06-26','2022-06-25'),(207,'Weekly Off','Accepted',21,'2022-06-27','2022-06-27','2022-06-26'),(208,'Weekly Off','Accepted',59,'2022-06-27','2022-06-27','2022-06-26'),(209,'Weekly Off','Accepted',61,'2022-06-30','2022-06-30','2022-06-26'),(210,'Weekly Off','Accepted',59,'2022-06-30','2022-06-30','2022-06-26'),(211,'Personal','Accepted',60,'2022-06-27','2022-06-27','2022-06-26'),(212,'Weekly Off','Accepted',78,'2022-06-27','2022-06-27','2022-06-26'),(213,'personal','Accepted',97,'2022-06-27','2022-06-28','2022-06-26'),(214,'Weekly Off','Accepted',67,'2022-06-27','2022-06-27','2022-06-26'),(215,'Weekly Off','Accepted',58,'2022-07-03','2022-07-03','2022-06-26'),(216,'Medical','Rejected',129,'2022-06-27','2022-06-27','2022-06-27'),(217,'Medical','Accepted',129,'2022-06-27','2022-06-27','2022-06-27'),(218,'Travel','Accepted',85,'2022-07-03','2022-07-05','2022-06-27'),(221,'Personal very urgent ','Accepted',125,'2022-06-28','2022-06-28','2022-06-27'),(222,'Medical','Accepted',43,'2022-06-28','2022-06-28','2022-06-27'),(223,'Weekly Off','Accepted',72,'2022-06-29','2022-06-29','2022-06-28'),(227,' My Daughter birthday celebration ','Accepted',47,'2022-07-02','2022-07-03','2022-06-28'),(230,'Weekly Off','Accepted',40,'2022-06-30','2022-06-30','2022-06-29'),(231,'Weekly Off','Accepted',39,'2022-07-03','2022-07-03','2022-06-29'),(232,'Weekly Off','Rejected',44,'2022-07-03','2022-07-03','2022-06-30'),(233,'Medical','Accepted',45,'2022-07-04','2022-07-04','2022-06-30'),(234,'Weekly Off','Accepted',26,'2022-07-03','2022-07-03','2022-06-30'),(235,'Weekly Off','Rejected',21,'2022-07-03','2022-07-03','2022-06-30'),(236,'Weekly Off','Accepted',25,'2022-07-02','2022-07-02','2022-06-30'),(237,'bali','Accepted',25,'2022-07-03','2022-07-03','2022-06-30'),(238,'Weekly Off','Accepted',21,'2022-07-03','2022-07-03','2022-06-30'),(239,'Weekly Off','Accepted',37,'2022-07-01','2022-07-01','2022-06-30'),(240,'Weekly Off','Accepted',37,'2022-07-10','2022-07-10','2022-06-30'),(241,'Weekly Off','Rejected',15,'2022-07-17','2022-07-17','2022-06-30'),(242,'EID','Rejected',18,'2022-07-10','2022-07-10','2022-06-30'),(243,'EID','Accepted',18,'2022-07-11','2022-07-11','2022-06-30'),(244,'EID','Accepted',18,'2022-07-12','2022-07-12','2022-06-30'),(245,'Weekly Off','Accepted',15,'2022-07-03','2022-07-03','2022-06-30'),(246,'EID','Accepted',15,'2022-07-11','2022-07-11','2022-06-30'),(247,'EID','Accepted',32,'2022-07-11','2022-07-11','2022-06-30'),(248,'EID','Accepted',37,'2022-07-11','2022-07-11','2022-06-30'),(249,'Weekly Off','Accepted',32,'2022-07-02','2022-07-02','2022-06-30'),(250,'Weekly Off','Accepted',32,'2022-07-03','2022-07-03','2022-06-30'),(251,'Marriage','Accepted',32,'2022-07-04','2022-07-04','2022-06-30'),(252,'Weekly Off','Accepted',34,'2022-07-03','2022-07-03','2022-06-30'),(253,'EID','Accepted',34,'2022-07-11','2022-07-11','2022-06-30'),(254,'Medical','Accepted',22,'2022-07-11','2022-07-11','2022-06-30'),(255,'Weekly Off','Accepted',125,'2022-07-03','2022-07-03','2022-07-01'),(256,'Weekly Off','Rejected',125,'2022-07-03','2022-07-03','2022-07-01'),(258,'EID','Accepted',35,'2022-07-11','2022-07-11','2022-07-01'),(259,'wedding','Accepted',35,'2022-07-24','2022-07-24','2022-07-01'),(261,'Medical','pending',61,'2022-07-11','2022-07-12','2022-07-01'),(264,'family tour','pending',52,'2022-07-11','2022-07-12','2022-07-01'),(265,'Weekly Off','pending',51,'2022-07-11','2022-07-11','2022-07-02'),(266,'Weekly Off','pending',57,'2022-07-11','2022-07-11','2022-07-02'),(267,'Weekly Off','Accepted',63,'2022-07-08','2022-07-08','2022-07-02'),(268,'Weekly Off','Accepted',64,'2022-07-09','2022-07-16','2022-07-02'),(269,'Weekly Off','Accepted',43,'2022-07-03','2022-07-03','2022-07-02'),(270,'Weekly Off','Rejected',124,'2022-07-04','2022-07-05','2022-07-02'),(271,'Weekly Off','Accepted',96,'2022-07-04','2022-07-04','2022-07-03'),(273,'Weekly Off','pending',48,'2022-07-09','2022-07-09','2022-07-03'),(274,'Medical','Accepted',59,'2022-07-05','2022-07-06','2022-07-03'),(275,'Personal','Accepted',60,'2022-07-04','2022-07-04','2022-07-03'),(276,'Medical','Accepted',52,'2022-07-05','2022-07-05','2022-07-03'),(277,'Weekly Off','Accepted',90,'2022-07-04','2022-07-04','2022-07-03'),(278,'PERSONAL','Accepted',90,'2022-07-06','2022-07-06','2022-07-03'),(279,'Personal','Accepted',51,'2022-07-05','2022-07-05','2022-07-04'),(280,'Personal ','Accepted',97,'2022-07-03','2022-07-03','2022-07-04'),(281,'Weekly Off','pending',53,'2022-07-07','2022-07-07','2022-07-04'),(282,'Weekly Off','Accepted',15,'2022-07-16','2022-07-16','2022-07-04'),(283,'HOSPITAL CASE FOR GRAND MOTHER ','pending',58,'2022-07-06','2022-07-06','2022-07-04'),(284,'Weekly Off','pending',22,'2022-07-05','2022-07-05','2022-07-04'),(285,'Weekly Off','Accepted',63,'2022-07-11','2022-07-11','2022-07-04'),(286,'Weekly Off','Accepted',62,'2022-07-12','2022-07-13','2022-07-04'),(287,'Weekly Off','Rejected',94,'2022-07-05','2022-07-05','2022-07-04'),(288,'Weekly Off','Accepted',81,'2022-07-05','2022-07-05','2022-07-04'),(289,'Weekly Off','Accepted',81,'2022-07-11','2022-07-11','2022-07-04'),(290,'Weekly Off','Accepted',82,'2022-07-07','2022-07-07','2022-07-04'),(291,'Medical','Accepted',77,'2022-07-06','2022-07-06','2022-07-05'),(292,'Weekly Off','Accepted',62,'2022-07-07','2022-07-07','2022-07-05');
/*!40000 ALTER TABLE `leaverequest` ENABLE KEYS */;
UNLOCK TABLES;

--
-- Table structure for table `login`
--

DROP TABLE IF EXISTS `login`;
/*!40101 SET @saved_cs_client     = @@character_set_client */;
/*!50503 SET character_set_client = utf8mb4 */;
CREATE TABLE `login` (
  `loginid` int(10) NOT NULL AUTO_INCREMENT,
  `username` varchar(50) DEFAULT NULL,
  `ecode` varchar(50) DEFAULT NULL,
  `usertype` varchar(50) DEFAULT NULL,
  PRIMARY KEY (`loginid`)
) ENGINE=InnoDB AUTO_INCREMENT=136 DEFAULT CHARSET=latin1;
/*!40101 SET character_set_client = @saved_cs_client */;

--
-- Dumping data for table `login`
--

LOCK TABLES `login` WRITE;
/*!40000 ALTER TABLE `login` DISABLE KEYS */;
INSERT INTO `login` VALUES (1,'DGOLDCOO','COODGD@916','COO'),(2,'RMKMNGR','RMKMNGR@916','MANAGER'),(3,'PMNMNGR','PMNMNGR@916','MANAGER'),(4,'PTBMNGR','PTBMNGR@916','MANAGER'),(5,'VLCMNGR','VLCMNGR@916','MANAGER'),(6,'RMKDIR','RMKDIR@916','DIRECTOR'),(7,'PMNDIR','PMNDIR@916','DIRECTOR'),(8,'PTBDIR','PTBDIR@916','DIRECTOR'),(9,'VLCDIR','VLCDIR@916','DIRECTOR'),(10,'RMKEMP','RMK@916','EMPLOYEES'),(11,'PMNEMP','PMN@916','EMPLOYEES'),(12,'PTBEMP','PTB@916','EMPLOYEES'),(13,'VLCEMP','VLC@916','EMPLOYEES'),(14,'MUHAMMED RASHID P','1003','employee'),(15,'JUFAIL THAYYIL','1006','employee'),(16,'MOHAMMED AJMAL','1048','employee'),(17,'VIJEESH KP','1049','employee'),(18,'RASHEED','1058','employee'),(19,'SHAFEEQ','1063','employee'),(20,'RAJAN VT','1064','employee'),(21,'RASHMI K','1090','employee'),(22,'SUHAIL','1105','employee'),(23,'SHEEBA','1109','employee'),(24,'SAI KUMAR','1122','employee'),(25,'GIREESH','1126','employee'),(26,'JOHNSON','1129','employee'),(27,'AKBAR','1131','employee'),(28,'ANAS','1137','employee'),(29,'MUHAMMED JALAL','1149','employee'),(30,'NOUFAL','1152','employee'),(31,'JIJI','1153','employee'),(32,'ANWAR SADATH','1155','employee'),(33,'NAJEEB','1164','employee'),(34,'MOHAMMED RASHAD','1165','employee'),(35,'MUBEENA KP','1166','employee'),(36,'JIJIN','1167','employee'),(37,'ANEES','1170','employee'),(38,'RAJANI','1171','employee'),(39,'SHAFEEQ P','1172','employee'),(40,'SHANU','1173','employee'),(43,'ABDUL BASITH PP','1251','employee'),(44,'MUHAMMED JAFER','1085','employee'),(45,'JAYARAJ','1123','employee'),(46,'GOUTHAMI','1174','employee'),(47,'VIJIN','1179','employee'),(48,'VALSALA','1206','employee'),(49,'MOIDEEN KUTTY','1220','employee'),(50,'RAMSHAD KT','1243','employee'),(51,'ABOOBAKER','1149','employee'),(52,'MUHAMMED SHAKKEER P','1249','employee'),(53,'SREELAKSHMI','1253','employee'),(54,'AJMAL PV','1260','employee'),(57,'IMBICHU','1241','employee'),(58,'SUHAIL','1265','employee'),(59,'VANAJA P','1268','employee'),(60,'MUHAMMED SHAREEF T','1270','employee'),(61,'NIZAMUDEEN P','1189','employee'),(62,'SHAMEER P','1094','employee'),(63,'NISHAD K','1129','employee'),(64,'JAMSHEER A','1013','employee'),(65,'NABEEL AP','1019','employee'),(66,'RANJITH PK','1030','employee'),(67,'SAILAJA C','1036','employee'),(68,'ASIYA PK','1048','employee'),(69,'SUBRAMANIAN P','1054','employee'),(72,'MUHAMMED NUSHAD KP','1112','employee'),(76,'SMITHA','1158','employee'),(77,'NOUFAL S','1128','employee'),(78,'MANOJ','1162','employee'),(81,'ANJALI P','1170','employee'),(82,'MUHAMMED MANSOOR','1131','employee'),(83,'ABOOBACKER SIDHEEQ PK','1171','employee'),(84,'SRUTHI S','1172','employee'),(85,'ANSAD C','1173','employee'),(86,'VINOD U','1047','employee'),(87,'SHAMEER K','1105','employee'),(89,'MUHAMMED SHIHAB P','1169','employee'),(90,'ANEES MOIDU','1147','employee'),(91,'ABDUL RASHEED K','1031','employee'),(93,'AMEER MALIK M','1102','employee'),(94,'ARSHAD V P','1132','employee'),(95,'SHARFUDHEEN V','1073','employee'),(96,'VINOD KUMAR V','1164','employee'),(97,'MOHAMMED SHIBILI','1167','employee'),(98,'PAYMENT REQUEST','0000','employee'),(99,'BIBINRAJ','1012','employee'),(101,'NOUFAL ','1023','employee'),(102,'PRAJITHA  MANOJ ','1024','employee'),(103,'REENA','1027','employee'),(104,'CHANDRASHEKARAN ','1051','employee'),(105,'SHIJIN ','1101','employee'),(106,'HIMESH','1111','employee'),(107,'UDAYAKUMAR ','1116','employee'),(109,'SHARATH ','1127','employee'),(110,'ROBIN','1117','employee'),(111,'JISHA ','1136','employee'),(112,'BINSHAD','1151','employee'),(113,'ATTAKOYA ARSHAD','1155','employee'),(114,'SWADIK ','1158','employee'),(115,'AMITH ','1160','employee'),(116,'SHAHINA','1159','employee'),(117,'ANSAL THOMAS','1162','employee'),(118,'ASHURAHANA ','1172','employee'),(119,'NIKHIL ','1174','employee'),(120,'SHAREEF ','1176','employee'),(121,'FAHAD','1179','employee'),(122,'RAHUL','1178','employee'),(124,'SISHANTH VS','1248','employee'),(125,'VIJEESH.T','1212','employee'),(127,'ALI AKBAR.M V','1072','employee'),(128,'Musthaq','1150','employee'),(129,'MUHAMMED ANSHAF','1157','employee'),(130,'MOHAMED AFSAL.K','1272','employee'),(131,'SHIRAS','1175','employee'),(132,'VLCACC','VLCACC@916','ACCOUNTS'),(133,'PTBACC','PTBACC@916','ACCOUNTS'),(134,'RMKACC','RMKACC@916','ACCOUNTS'),(135,'PMNACC','PMNACC@916','ACCOUNTS');
/*!40000 ALTER TABLE `login` ENABLE KEYS */;
UNLOCK TABLES;

--
-- Table structure for table `memo`
--

DROP TABLE IF EXISTS `memo`;
/*!40101 SET @saved_cs_client     = @@character_set_client */;
/*!50503 SET character_set_client = utf8mb4 */;
CREATE TABLE `memo` (
  `memoid` int(20) NOT NULL AUTO_INCREMENT,
  `title` varchar(100) DEFAULT NULL,
  `memo` longblob,
  `file_name` varchar(100) DEFAULT NULL,
  PRIMARY KEY (`memoid`)
) ENGINE=InnoDB DEFAULT CHARSET=latin1;
/*!40101 SET character_set_client = @saved_cs_client */;

--
-- Dumping data for table `memo`
--

LOCK TABLES `memo` WRITE;
/*!40000 ALTER TABLE `memo` DISABLE KEYS */;
/*!40000 ALTER TABLE `memo` ENABLE KEYS */;
UNLOCK TABLES;

--
-- Table structure for table `pyment`
--

DROP TABLE IF EXISTS `pyment`;
/*!40101 SET @saved_cs_client     = @@character_set_client */;
/*!50503 SET character_set_client = utf8mb4 */;
CREATE TABLE `pyment` (
  `pid` int(50) NOT NULL AUTO_INCREMENT,
  `catogary` varchar(100) DEFAULT NULL,
  `moneny` varchar(100) DEFAULT NULL,
  `lg_id` int(10) DEFAULT NULL,
  `status` varchar(100) DEFAULT NULL,
  `date` date DEFAULT NULL,
  PRIMARY KEY (`pid`)
) ENGINE=InnoDB AUTO_INCREMENT=125 DEFAULT CHARSET=latin1;
/*!40101 SET character_set_client = @saved_cs_client */;

--
-- Dumping data for table `pyment`
--

LOCK TABLES `pyment` WRITE;
/*!40000 ALTER TABLE `pyment` DISABLE KEYS */;
INSERT INTO `pyment` VALUES (2,'Salary Advance','2000',43,'Rejected','2022-06-08'),(3,'Salary Advance','2000',43,'Accepted','2022-06-08'),(4,'Salary Advance','2000',45,'Accepted','2022-06-08'),(5,'TA/FA','200',87,'Accepted','2022-06-08'),(6,'Salary Advance','2000',62,'Accepted','2022-06-09'),(7,'Salary Advance','2000',46,'Accepted','2022-06-12'),(8,'Salary Advance','2000',125,'Accepted','2022-06-12'),(9,'Salary Advance','2500',52,'pending','2022-06-13'),(10,'TA/FA','60',89,'Accepted','2022-06-13'),(11,'TA/FA','60',87,'Accepted','2022-06-13'),(12,'TA/FA','60',86,'Accepted','2022-06-13'),(13,'TA/FA','760',88,'pending','2022-06-13'),(14,'TA/FA','760',129,'Accepted','2022-06-13'),(17,'Salary Advance','3000',61,'pending','2022-06-14'),(19,'Salary Advance','3000',16,'Accepted','2022-06-15'),(21,'Salary Advance','4000',28,'Accepted','2022-06-15'),(22,'TA/FA','200',129,'Accepted','2022-06-15'),(23,'TA/FA','200',89,'Accepted','2022-06-15'),(24,'TA/FA','200',86,'Accepted','2022-06-15'),(25,'TA/FA','200',83,'Accepted','2022-06-16'),(26,'TA/FA','200',89,'Accepted','2022-06-16'),(27,'TA/FA','200',129,'Accepted','2022-06-16'),(29,'TA/FA','200',86,'Accepted','2022-06-16'),(30,'TA/FA','200',83,'Accepted','2022-06-17'),(31,'TA/FA','200',86,'Accepted','2022-06-17'),(32,'TA/FA','200',89,'Accepted','2022-06-17'),(33,'TA/FA','200',129,'Accepted','2022-06-17'),(34,'TA/FA','200',87,'Accepted','2022-06-17'),(36,'Salary Advance','3500',65,'Accepted','2022-06-18'),(37,'TA/FA','200',83,'Accepted','2022-06-18'),(38,'TA/FA','200',89,'Accepted','2022-06-18'),(39,'TA/FA','200',86,'Accepted','2022-06-18'),(40,'TA/FA','200',129,'Accepted','2022-06-18'),(41,'TA/FA','200',87,'Accepted','2022-06-18'),(42,'Salary Advance','4000',15,'Accepted','2022-06-19'),(43,'Salary Advance','2500',25,'Accepted','2022-06-19'),(44,'Salary Advance','4000',62,'Accepted','2022-06-19'),(45,'Salary Advance','1000',83,'Accepted','2022-06-20'),(46,'Salary Advance','3000',85,'Accepted','2022-06-20'),(47,'TA/FA','200',89,'Accepted','2022-06-20'),(48,'TA/FA','60',86,'Accepted','2022-06-20'),(49,'TA/FA','200',129,'Accepted','2022-06-20'),(50,'TA/FA','200',83,'Accepted','2022-06-20'),(51,'Salary Advance','4000',37,'Accepted','2022-06-20'),(53,'Salary Advance','2000',95,'Accepted','2022-06-21'),(54,'TA/FA','200',89,'Accepted','2022-06-21'),(55,'TA/FA','200',86,'Accepted','2022-06-21'),(56,'TA/FA','200',129,'Accepted','2022-06-21'),(57,'TA/FA','200',87,'Accepted','2022-06-21'),(58,'Salary Advance','5000',14,'Accepted','2022-06-21'),(59,'Salary Advance','5000',77,'Accepted','2022-06-22'),(60,'TA/FA','60',129,'Accepted','2022-06-22'),(61,'TA/FA','660',89,'Accepted','2022-06-22'),(62,'TA/FA','60',86,'Accepted','2022-06-22'),(63,'TA/FA','60',87,'Accepted','2022-06-22'),(65,'TA/FA','200',89,'Accepted','2022-06-23'),(66,'TA/FA','200',129,'Accepted','2022-06-23'),(67,'TA/FA','200',86,'Accepted','2022-06-23'),(68,'TA/FA','200',87,'Accepted','2022-06-23'),(69,'Salary Advance','5000',91,'Accepted','2022-06-24'),(71,'Salary Advance','6000',32,'Accepted','2022-06-24'),(72,'Salary Advance','1000',29,'Accepted','2022-06-24'),(73,'TA/FA','200',129,'Accepted','2022-06-24'),(74,'Salary Advance','1000',35,'Accepted','2022-06-24'),(75,'TA/FA','200',86,'Accepted','2022-06-24'),(76,'TA/FA','200',87,'Accepted','2022-06-24'),(77,'Salary Advance','2500',30,'Accepted','2022-06-24'),(78,'Salary Advance','1000',39,'Accepted','2022-06-25'),(79,'TA/FA','200',129,'Accepted','2022-06-25'),(80,'TA/FA','200',86,'Accepted','2022-06-25'),(81,'TA/FA','200',89,'Accepted','2022-06-25'),(82,'Salary Advance','1000',24,'Accepted','2022-06-25'),(83,'TA/FA','200',87,'Accepted','2022-06-25'),(84,'Salary Advance','5000',66,'Accepted','2022-06-25'),(85,'TA/FA','200',89,'Accepted','2022-06-27'),(86,'TA/FA','200',83,'Accepted','2022-06-27'),(87,'TA/FA','200',87,'pending','2022-06-27'),(88,'Salary Advance','1000',29,'Accepted','2022-06-27'),(89,'Salary Advance','10000',33,'Accepted','2022-06-28'),(90,'TA/FA','200',83,'pending','2022-06-28'),(91,'TA/FA','60',89,'pending','2022-06-28'),(92,'TA/FA','60',87,'pending','2022-06-28'),(93,'TA/FA','660',86,'pending','2022-06-28'),(94,'TA/FA','200',87,'pending','2022-06-29'),(95,'TA/FA','200',86,'pending','2022-06-29'),(96,'TA/FA','200',89,'pending','2022-06-29'),(97,'TA/FA','200',129,'pending','2022-06-29'),(98,'TA/FA','200',83,'pending','2022-06-29'),(99,'TA/FA','60',89,'pending','2022-06-30'),(101,'TA/FA','60',129,'pending','2022-06-30'),(102,'TA/FA','60',86,'pending','2022-06-30'),(104,'TA/FA','660',87,'pending','2022-06-30'),(105,'TA/FA','200',83,'pending','2022-07-01'),(106,'Salary Advance','4000',32,'Accepted','2022-07-01'),(107,'TA/FA','200',89,'pending','2022-07-01'),(108,'TA/FA','200',129,'pending','2022-07-01'),(109,'TA/FA','200',86,'pending','2022-07-01'),(110,'TA/FA','200',87,'pending','2022-07-01'),(111,'TA/FA','200',89,'pending','2022-07-02'),(112,'TA/FA','200',129,'pending','2022-07-02'),(113,'TA/FA','200',83,'pending','2022-07-02'),(114,'TA/FA','200',86,'pending','2022-07-02'),(115,'TA/FA','200',87,'pending','2022-07-02'),(116,'TA/FA','200',83,'pending','2022-07-04'),(117,'TA/FA','60',89,'pending','2022-07-04'),(118,'TA/FA','60',87,'pending','2022-07-04'),(119,'TA/FA','660',86,'pending','2022-07-04'),(120,'TA/FA','60',129,'pending','2022-07-04'),(121,'TA/FA','200',86,'pending','2022-07-05'),(122,'TA/FA','200',129,'pending','2022-07-05'),(123,'TA/FA','200',89,'pending','2022-07-05'),(124,'TA/FA','200',87,'pending','2022-07-05');
/*!40000 ALTER TABLE `pyment` ENABLE KEYS */;
UNLOCK TABLES;

--
-- Table structure for table `target`
--

DROP TABLE IF EXISTS `target`;
/*!40101 SET @saved_cs_client     = @@character_set_client */;
/*!50503 SET character_set_client = utf8mb4 */;
CREATE TABLE `target` (
  `trid` int(10) NOT NULL AUTO_INCREMENT,
  `gold` varchar(50) DEFAULT NULL,
  `lg_id` int(10) DEFAULT NULL,
  `achive_gold` varchar(100) DEFAULT NULL,
  `Diamond` varchar(100) DEFAULT NULL,
  `achive_diamond` varchar(100) DEFAULT NULL,
  `gold_achive_pers` varchar(15) DEFAULT NULL,
  `dmn__achive_perse` varchar(15) DEFAULT NULL,
  PRIMARY KEY (`trid`)
) ENGINE=InnoDB AUTO_INCREMENT=42 DEFAULT CHARSET=latin1;
/*!40101 SET character_set_client = @saved_cs_client */;

--
-- Dumping data for table `target`
--

LOCK TABLES `target` WRITE;
/*!40000 ALTER TABLE `target` DISABLE KEYS */;
INSERT INTO `target` VALUES (1,'1000',39,'102.74','500000','0','10.27','0'),(2,'1600',37,'31.55','700000','31336','1.97','4.48'),(3,'1600',34,'62.84','700000','34600','3.93','4.94'),(4,'1600',32,'16.28','700000','0','1.02','0'),(5,'1600',25,'41.76','700000','13400','2.61','1.91'),(6,'1800',22,'138.88','1000000','53800','7.72','5.38'),(7,'1800',18,'85.18','1000000','6151','4.73','0.62'),(8,'1800',17,'552.94','1200000','259100','30.72','21.59'),(9,'1600',15,'45.96','1000000','11700','2.87','1.17'),(10,'1800',14,'184.98','1200000','38000','10.28','3.17'),(11,'2000',41,'167.35','1000000','155054','8.37','15.51'),(12,'1750',61,'163.61','700000','35080','9.35','5.01'),(13,'1600',56,'1706.65','600000','321438','106.67','53.57'),(14,'1600',51,'180.8','600000','52480','11.3','8.75'),(15,'1750',47,'73.96','600000','63807','4.23','10.63'),(16,'2000',44,'195.39','800000','242000','9.77','30.25'),(17,'1600',42,'239.08','600000','205555','14.94','34.26'),(18,'1500',62,'1180.48','700000','622570','78.7','88.94'),(19,'1500',96,'1081.18','500000','330581','72.08','66.12'),(20,'1500',93,'1029.7','700000','120800','68.65','17.26'),(21,'1500',91,'488.25','600000','38488','32.55','6.41'),(22,'1500',82,'1584.53','700000','274983','105.64','39.28'),(23,'1000',78,'637.13','500000','62150','63.71','12.43'),(24,'1000',77,'565.71','500000','229437','56.57','45.89'),(25,'1500',72,'1093.6','700000','498846','72.91','71.26'),(26,'1000',66,'290.7','500000','38367','29.07','7.67'),(27,'1000',64,'337.04','1000000','207750','33.7','20.77'),(28,'1500',63,'644.81','700000','179650','42.99','25.66'),(29,'750',99,'280.19','250000','49903','37.36','19.96'),(30,'1600',125,'155.17','600000','91314','9.7','15.22'),(31,'1600',124,'108.4','600000','0','6.78','0'),(32,'2000',126,'0','1000000','0','0','0'),(33,'2000',127,'105.05','800000','59017','5.25','7.38'),(34,'1700',119,'447.26','640000','129838','26.31','20.29'),(35,'1700',117,'793.28','640000','735437','46.66','114.91'),(36,'750',115,'42.3','250000','0','5.64','0'),(37,'1700',114,'594.75','640000','736549','34.99','115.09'),(38,'1700',110,'966.45','700000','1381974','56.85','197.42'),(39,'1700',109,'129.67','700000','724744','7.63','103.53'),(40,'1700',106,'412.53','640000','133159','24.27','20.81'),(41,'1700',105,'655.44','640000','266935','38.56','41.71');
/*!40000 ALTER TABLE `target` ENABLE KEYS */;
UNLOCK TABLES;
/*!40103 SET TIME_ZONE=@OLD_TIME_ZONE */;

/*!40101 SET SQL_MODE=@OLD_SQL_MODE */;
/*!40014 SET FOREIGN_KEY_CHECKS=@OLD_FOREIGN_KEY_CHECKS */;
/*!40014 SET UNIQUE_CHECKS=@OLD_UNIQUE_CHECKS */;
/*!40101 SET CHARACTER_SET_CLIENT=@OLD_CHARACTER_SET_CLIENT */;
/*!40101 SET CHARACTER_SET_RESULTS=@OLD_CHARACTER_SET_RESULTS */;
/*!40101 SET COLLATION_CONNECTION=@OLD_COLLATION_CONNECTION */;
/*!40111 SET SQL_NOTES=@OLD_SQL_NOTES */;

-- Dump completed on 2022-07-07 12:24:24
